;Information Difference;Lower Bound Bias;Upper Bound Bias;Lower Bound No Sex;Upper Bound No Sex;Lower Bound No Sex Inf;Upper Bound No Sex Inf
0;-0.45;-0.15353615591629166;-0.15091784541132808;-0.14130641681362086;-0.13807593576800806;-0.13344094183323726;-0.13025432467656875
1;-0.3;-0.10159778823337702;-0.09801793538510976;-0.09632051281205808;-0.0927137470727939;-0.09252447091950752;-0.08892790532267136
2;-0.15;-0.050863026190681976;-0.048642649531622034;-0.04828840848600477;-0.04601381614791396;-0.04521893506068598;-0.04291124730628915
3;0.0;-0.001225999473959283;0.0004869788892808035;-0.0007374055972449683;0.0009568641503877322;-0.00030670250997354143;0.0014015996157917
4;0.15;0.05043928117030412;0.05301480725771522;0.05473719080264866;0.05741159542756849;0.057923241056801626;0.06066273331422208
5;0.3;0.09986302871851248;0.10402170128832282;0.10715349554954925;0.11167132831080093;0.11237961536586083;0.11715566027954641
6;0.45;0.14932583955984066;0.15302538776546562;0.1660144512666254;0.17088206806930178;0.17569106725582748;0.18246319256330076
